{"_step":0,"_wandb":{"runtime":57},"drift_share":0.288265306122449,"_timestamp":1.7424597565838966e+09,"_runtime":57.4556991}