{"_step":5,"accuracy":0.657800018787384,"drift_share":0.288265306122449,"loss":0.9246919751167297,"_wandb":{"runtime":81},"val_accuracy":0.6632000207901001,"_runtime":81.421046,"epoch":5,"_timestamp":1.7424928419669304e+09,"val_loss":0.8937192559242249}