{"_step":5,"val_loss":0.6858789920806885,"_timestamp":1.742460396173745e+09,"epoch":5,"loss":0.7284027338027954,"_wandb":{"runtime":52},"val_accuracy":0.791100025177002,"accuracy":0.7889000177383423,"drift_share":0.288265306122449,"_runtime":51.215026}