{"_step":5,"drift_share":0.288265306122449,"_wandb":{"runtime":28},"_runtime":28.6391316,"loss":0.3940710425376892,"accuracy":0.8597000241279602,"epoch":5,"val_loss":0.39854899048805237,"_timestamp":1.7422593319222822e+09,"val_accuracy":0.8574000000953674}