{"_step":5,"accuracy":0.7924000024795532,"drift_share":0.288265306122449,"epoch":5,"loss":0.773194432258606,"val_accuracy":0.7875999808311462,"_runtime":76.6392914,"_wandb":{"runtime":77},"val_loss":0.7688866257667542,"_timestamp":1.7424923631307316e+09}