{"_wandb":{"runtime":47},"drift_share":0.288265306122449,"_timestamp":1.742492126907507e+09,"_step":5,"val_loss":0.7245644330978394,"accuracy":0.7516000270843506,"loss":0.7566925287246704,"_runtime":46.9162728,"epoch":5,"val_accuracy":0.7573000192642212}