{"_wandb":{"runtime":24},"drift_share":0.12627551020408162,"_timestamp":1.7422591785613954e+09,"_runtime":24.0844005,"_step":0}