{"val_accuracy":0.7858999967575073,"val_loss":0.7785589098930359,"_timestamp":1.7424892018544586e+09,"_step":5,"loss":0.7840218544006348,"accuracy":0.8052999973297119,"_wandb":{"runtime":61},"epoch":5,"drift_share":0.288265306122449,"_runtime":61.4180688}