{"val_loss":0.6742992401123047,"loss":0.6952082514762878,"_timestamp":1.742491763754886e+09,"accuracy":0.7955999970436096,"_step":5,"drift_share":0.288265306122449,"val_accuracy":0.7979000210762024,"_runtime":64.2457478,"_wandb":{"runtime":64},"epoch":5}