{"_timestamp":1.7424869463794367e+09,"loss":0.7682612538337708,"drift_share":0.288265306122449,"_step":5,"epoch":5,"val_accuracy":0.7666000127792358,"accuracy":0.7702999711036682,"_runtime":94.4288269,"_wandb":{"runtime":94},"val_loss":0.7655337452888489}