{"drift_share":0.288265306122449,"_timestamp":1.7424932857025838e+09,"_runtime":87.7735737,"_wandb":{"runtime":88},"accuracy":0.7545999884605408,"val_loss":0.7420512437820435,"_step":5,"val_accuracy":0.7502999901771545,"loss":0.785571813583374,"epoch":5}